codigo_cnuc;unidade_de_conservacao;categoria_uc_sigla_federal;gerencia_regional_icmbio;coordenacao_regional_icmbio;unidades_da_federacao;bioma_referencial;programa_monitora;projetos_especiais;subprograma_terrestre;componente_florestal_alvo_global;componente_florestal_alvo_complementar;componente_campestre_savanico;florestal_ea_01_alvo_global_mamiferos_aves;florestal_ea_02_alvo_global_mamiferos_aves;florestal_ea_03_alvo_global_mamiferos_aves;florestal_ea_01_alvo_global_borboletas;florestal_ea_02_alvo_global_borboletas;florestal_ea_03_alvo_global_borboletas;florestal_ea_01_alvo_global_plantas_arboreas;florestal_ea_02_alvo_global_plantas_arboreas;florestal_ea_03_alvo_global_plantas_arboreas;florestal_alvo_complementar_castanha_da_amazonia;florestal_alvo_complementar_especies_cinegeticas;florestal_alvo_complementar_mamiferos_aves;campestre_savanico_alvo_global_plantas;subprograma_aquatico_continental;componente_igarape;componente_area_alagavel_alvo_global;componente_area_alagavel_alvo_complementar;igarape_alvo_global_odonatas;igarape_alvo_global_peixes;igarape_alvo_global_habitat;area_alagavel_alvo_global_pesca;area_alagavel_alvo_complementar_quelonios;area_alagavel_alvo_complementar_pirarucu;subprograma_marinho_costeiro;componente_manguezal;componente_ambiente_recifal;componente_praia;componente_ilha;alvo_transversal_pesca_biodiversidade_associada;manguezal_alvo_global_caranguejo_uca;manguezal_alvo_global_vegetacao_de_mangue;ambiente_recifal_alvo_global_peixes_invertebrados_substrato;praia_alvo_global_aves_limicolas;praia_alvo_global_mamiferos_marinhos;ilha_alvo_global_aves_marinhas;praia_alvo_global_tartarugas
1;apa anhatomirim;apa;gr 5;gr 5;sc;marinho-costeiro;;;;;;;;;;;;;;;;;;;;;;;;;;;;;;;;;;;;;;;;;;
1521;apa bacia do rio paraiba do sul;apa;gr 4;cr - lagoa santa;mg/rj/sp;mata atlantica;;;;;;;;;;;;;;;;;;;;;;;;;;;;;;;;;;;;;;;;;;
7;apa barra do rio mamanguape;apa;gr 2;cr - parnaiba;pb;marinho-costeiro;;;;;;;;;;;;;;;;;;;;;;;;;;;;;;;;;;;;;;;;;;
20;apa carste da lagoa santa;apa;gr 4;cr - lagoa santa;mg;cerrado;;;;;;;;;;;;;;;;;;;;;;;;;;;;;;;;;;;;;;;;;;
2;apa cavernas do peruacu;apa;gr 4;cr - lagoa santa;mg;cerrado;;;;;;;;;;;;;;;;;;;;;;;;;;;;;;;;;;;;;;;;;;
8;apa chapada do araripe;apa;gr 2;cr - parnaiba;pi/ce/pe;caatinga;gef terrestre;;;;;;;;;;;;;;;;;;;;;;;;;;;;;;;;;;;;;;;;;
1912;apa costa das algas;apa;gr 2;cr - parnaiba;es;mata atlantica;;;;;;;;;;;;;;;;;;;;;;;;;;;;;;;;;;;;;;;;;;
9;apa costa dos corais;apa;gr 2;cr - parnaiba;pe/al;marinho-costeiro;operacao;gef mar;operacao;operacao;operacao basico;operacao basico;operacao basico;;;;;;;;;;;;;;;;;;;;;;;;;;;;;;;;;;;
3;apa da bacia do rio descoberto;apa;gr 4;cr - lagoa santa;go/df;cerrado;;;;;;;;;;;;;;;;;;;;;;;;;;;;;;;;;;;;;;;;;;
4;apa da bacia do rio sao bartolomeu;apa;gr 4;gestao transferida ao ibram;df;cerrado;;;;;;;;;;;;;;;;;;;;;;;;;;;;;;;;;;;;;;;;;;
5;apa da bacia do rio sao joao - mico-leao-dourado;apa;gr 4;cr - lagoa santa;rj;mata atlantica;;;;;;;;;;;;;;;;;;;;;;;;;;;;;;;;;;;;;;;;;;
6;apa da baleia franca;apa;gr 5;gr 5;sc;marinho-costeiro;parada;gef mar;parada;parada;;;;;;;;;;;;;;;;;;;;;;;;;;;;;;;;;;;;;;
25;apa das ilhas e varzeas do rio parana;apa;gr 5;gr 5;sp/pr/ms;mata atlantica;;;;;;;;;;;;;;;;;;;;;;;;;;;;;;;;;;;;;;;;;;
28;apa das nascentes do rio vermelho;apa;gr 4;cr - lagoa santa;ba/go;cerrado;;;;;;;;;;;;;;;;;;;;;;;;;;;;;;;;;;;;;;;;;;
13;apa de cairucu;apa;gr 4;cr - lagoa santa;rj/sp;marinho-costeiro;;;;;;;;;;;;;;;;;;;;;;;;;;;;;;;;;;;;;;;;;;
14;apa de cananeia-iguape-peruibe;apa;gr 4;cr - lagoa santa;sp;marinho-costeiro;;;;;;;;;;;;;;;;;;;;;;;;;;;;;;;;;;;;;;;;;;
15;apa de fernando de noronha rocas sao pedro e sao paulo;apa;gr 2;cr - parnaiba;pe;marinho-costeiro;operacao;gef mar;operacao;operacao;operacao;operacao basico;operacao basico e avancado;operacao basico e avancado;;;;;;;;;;;;;;;;;;;;;;;;;;;;;;;;;;
16;apa de guapi-mirim;apa;gr 4;cr - lagoa santa;rj;marinho-costeiro;;;;;;;;;;;;;;;;;;;;;;;;;;;;;;;;;;;;;;;;;;
17;apa de guaraquecaba;apa;gr 5;gr 5;sp/pr;mata atlantica;operacao;operacao;operacao;operacao basico;operacao basico;;;;;;;;;;;;;;;;;;;;;;;;;;;;;;;;;;;;;
10;apa da regiao serrana de petropolis;apa;gr 4;cr - lagoa santa;rj;mata atlantica;;;;;;;;;;;;;;;;;;;;;;;;;;;;;;;;;;;;;;;;;;
18;apa de piacabucu;apa;gr 2;cr - parnaiba;al;marinho-costeiro;;;;;;;;;;;;;;;;;;;;;;;;;;;;;;;;;;;;;;;;;;
19;apa delta do parnaiba;apa;gr 2;cr - parnaiba;ma/pi/ce;marinho-costeiro;gef mar;;;;;;;;;;;;;;;;;;;;;;;;;;;;;;;;;;;;;;;;;
22;apa do igarape gelado;apa;gr 1;cr - belem;pa;amazonia;;;;;;;;;;;;;;;;;;;;;;;;;;;;;;;;;;;;;;;;;;
23;apa do planalto central;apa;gr 4;cr - lagoa santa;go/df;cerrado;;;;;;;;;;;;;;;;;;;;;;;;;;;;;;;;;;;;;;;;;;
268;apa do tapajos;apa;gr 1;cr - oeste do para;pa;amazonia;;;;;;;;;;;;;;;;;;;;;;;;;;;;;;;;;;;;;;;;;;
3407;apa dos campos de manicore;apa;gr 1;cr - porto velho;am;amazonia;;;;;;;;;;;;;;;;;;;;;;;;;;;;;;;;;;;;;;;;;;
21;apa ibirapuita;apa;gr 5;gr 5;rs;pampas;parada;gef terrestre;parada;parada;parada;;;;;;;;;;;;;;;;;;;;;;;;;;;;;;;;;;;;;
24;apa meandros do araguaia;apa;gr 3;gr;mt/go;cerrado;;;;;;;;;;;;;;;;;;;;;;;;;;;;;;;;;;;;;;;;;;
27;apa morro da pedreira;apa;gr 4;cr - lagoa santa;mg;cerrado;;;;;;;;;;;;;;;;;;;;;;;;;;;;;;;;;;;;;;;;;;
29;apa serra da ibiapaba;apa;gr 2;cr - parnaiba;pi/ce;caatinga;;;;;;;;;;;;;;;;;;;;;;;;;;;;;;;;;;;;;;;;;;
11;apa serra da mantiqueira;apa;gr 4;cr - lagoa santa;mg/rj/sp;mata atlantica;;;;;;;;;;;;;;;;;;;;;;;;;;;;;;;;;;;;;;;;;;
1683;apa serra da meruoca;apa;gr 2;cr - parnaiba;ce;caatinga;;;;;;;;;;;;;;;;;;;;;;;;;;;;;;;;;;;;;;;;;;
12;apa serra da tabatinga;apa;gr 2;cr - parnaiba;ma/pi;cerrado;;;;;;;;;;;;;;;;;;;;;;;;;;;;;;;;;;;;;;;;;;
30;arie buriti de vassununga;arie;gr 4;cr - lagoa santa;sp;mata atlantica;;;;;;;;;;;;;;;;;;;;;;;;;;;;;;;;;;;;;;;;;;
31;arie capetinga-taquara;arie;gr 4;cr - lagoa santa;df;cerrado;;;;;;;;;;;;;;;;;;;;;;;;;;;;;;;;;;;;;;;;;;
32;arie cerrado pe-de-gigante;arie;gr 4;cr - lagoa santa;sp;mata atlantica;;;;;;;;;;;;;;;;;;;;;;;;;;;;;;;;;;;;;;;;;;
35;arie floresta da cicuta;arie;gr 4;cr - lagoa santa;rj;mata atlantica;;;;;;;;;;;;;;;;;;;;;;;;;;;;;;;;;;;;;;;;;;
36;arie ilha do ameixal;arie;gr 4;cr - lagoa santa;sp;marinho-costeiro;;;;;;;;;;;;;;;;;;;;;;;;;;;;;;;;;;;;;;;;;;
37;arie ilhas da queimada pequena e queimada grande;arie;gr 4;cr - lagoa santa;sp;marinho-costeiro;;;;;;;;;;;;;;;;;;;;;;;;;;;;;;;;;;;;;;;;;;
38;arie javari-buriti;arie;gr 1;cr - manaus;am;amazonia;;;;;;;;;;;;;;;;;;;;;;;;;;;;;;;;;;;;;;;;;;
39;arie manguezais da foz do rio mamanguape;arie;gr 2;cr - parnaiba;pb;marinho-costeiro;;;;;;;;;;;;;;;;;;;;;;;;;;;;;;;;;;;;;;;;;;
40;arie mata de santa genebra;arie;gr 4;cr - lagoa santa;sp;mata atlantica;;;;;;;;;;;;;;;;;;;;;;;;;;;;;;;;;;;;;;;;;;
41;arie matao de cosmopolis;arie;gr 4;cr - lagoa santa;sp;cerrado;;;;;;;;;;;;;;;;;;;;;;;;;;;;;;;;;;;;;;;;;;
43;arie projeto dinamica biologica de fragmentos florestais;arie;gr 1;cr - manaus;am;amazonia;operacao;operacao;operacao;operacao basico;operacao basico;operacao basico;;;;;;;;;;;;;;;;;;;;;;;;;;;;;;;;;;;;
44;arie seringal nova esperanca;arie;gr 1;cr - porto velho;ac;amazonia;;;;;;;;;;;;;;;;;;;;;;;;;;;;;;;;;;;;;;;;;;
45;arie serra da abelha e rio da prata;arie;gr 5;gr 5;sc;mata atlantica;;;;;;;;;;;;;;;;;;;;;;;;;;;;;;;;;;;;;;;;;;
3131;esec alto maues;esec;gr 1;cr - manaus;am;amazonia;operacao;arpa;operacao;operacao;operacao basico e avancado;operacao basico e avancado;parada;parada;parada;parada;parada;;;;;;;;;;;;;;;;;;;;;;;;;;;;;;;
263;esec da guanabara;esec;gr 4;cr - lagoa santa;rj;mata atlantica;;;;;;;;;;;;;;;;;;;;;;;;;;;;;;;;;;;;;;;;;;
261;esec da mata preta;esec;gr 5;gr 5;pr/sc;mata atlantica;;;;;;;;;;;;;;;;;;;;;;;;;;;;;;;;;;;;;;;;;;
75;esec da serra das araras;esec;gr 3;gr;mt;cerrado;;;;;;;;;;;;;;;;;;;;;;;;;;;;;;;;;;;;;;;;;;
47;esec da terra do meio;esec;gr 1;cr - oeste do para;pa;amazonia;operacao;arpa;operacao;operacao;operacao basico e avancado;operacao basico e avancado;operacao basico;operacao basico;parada;;;;;;;;;;;;;;;;;;;;;;;;;;;;;;;;;
48;esec de aiuaba;esec;gr 2;cr - parnaiba;ce;caatinga;;;;;;;;;;;;;;;;;;;;;;;;;;;;;;;;;;;;;;;;;;
50;esec de aracuri-esmeralda;esec;gr 5;gr 5;rs;mata atlantica;;;;;;;;;;;;;;;;;;;;;;;;;;;;;;;;;;;;;;;;;;
52;esec de carijos;esec;gr 5;gr 5;sc;mata atlantica;operacao;operacao;operacao;operacao basico;operacao basico;;;;;;;;;;;;;;;;;;;;;;;;;;;;;;;;;;;;;
53;esec de cunia;esec;gr 1;cr - porto velho;ro/am;amazonia;;;;;;;;;;;;;;;;;;;;;;;;;;;;;;;;;;;;;;;;;;
54;esec de guaraquecaba;esec;gr 5;gr 5;pr;mata atlantica;operacao;operacao;operacao;operacao basico;operacao basico;;;;;;;;;;;;;;;;;;;;;;;;;;;;;;;;;;;;;
56;esec de jutai-solimaes;esec;gr 1;cr - manaus;am;amazonia;implantacao;arpa;implantacao;implantacao;implantacao;implantacao;implantacao;;;;;;;;;;;;;;;;;;;;;;;;;;;;;;;;;;;
57;esec de maraca;esec;gr 1;cr - manaus;rr;amazonia;operacao;arpa;operacao;operacao;operacao basico;operacao basico;operacao basico;operacao basico e avancado;operacao basico e avancado;parada;operacao basico e avancado;operacao basico e avancado;operacao basico e avancado;parada;parada;parada;parada;parada;;;;;;;;;;;;;;;;;;;;;;;;
58;esec de maraca jipioca;esec;gr 1;cr - manaus;ap;amazonia;operacao;arpa;operacao;operacao;operacao;operacao basico;operacao basico;operacao;;;;;;;;;;;;;;;;;;;;;;;;;;;;;;;;;;
59;esec de murici;esec;gr 2;cr - parnaiba;al;mata atlantica;;;;;;;;;;;;;;;;;;;;;;;;;;;;;;;;;;;;;;;;;;
61;esec de pirapitinga;esec;gr 4;cr - lagoa santa;mg;cerrado;operacao;operacao;operacao;operacao;operacao basico;operacao basico e avancado;operacao basico e avancado;operacao basico;operacao basico;;;;;;;;;;;;;;;;;;;;;;;;;;;;;;;;;
62;esec de taiama;esec;gr 3;gr;mt;pantanal;parada;gef terrestre;parada;parada;parada;;;;;;;;;;;;;;;;;;;;;;;;;;;;;;;;;;;;;
63;esec de tamoios;esec;gr 4;cr - lagoa santa;rj;mata atlantica;;;;;;;;;;;;;;;;;;;;;;;;;;;;;;;;;;;;;;;;;;
65;esec de urucui-una;esec;gr 2;cr - parnaiba;pi;cerrado;;;;;;;;;;;;;;;;;;;;;;;;;;;;;;;;;;;;;;;;;;
66;esec do castanhao;esec;gr 2;cr - parnaiba;ce;caatinga;;;;;;;;;;;;;;;;;;;;;;;;;;;;;;;;;;;;;;;;;;
67;esec do jari;esec;gr 1;cr - belem;pa/ap;amazonia;operacao;arpa;operacao;operacao;operacao basico;operacao basico;operacao basico;operacao basico e avancado;operacao basico e avancado;operacao basico e avancado;operacao basico;operacao basico;operacao basico;;;;;;;;;;;;;;;;;;;;;;;;;;;;;
69;esec do serido;esec;gr 2;cr - parnaiba;rn;caatinga;;;;;;;;;;;;;;;;;;;;;;;;;;;;;;;;;;;;;;;;;;
70;esec do taim;esec;gr 5;gr 5;rs;pampas;;;;;;;;;;;;;;;;;;;;;;;;;;;;;;;;;;;;;;;;;;
71;esec dos tupiniquins;esec;gr 4;cr - lagoa santa;sp;marinho-costeiro;;;;;;;;;;;;;;;;;;;;;;;;;;;;;;;;;;;;;;;;;;
72;esec juami-japura;esec;gr 1;cr - manaus;am;amazonia;arpa;;;;;;;;;;;;;;;;;;;;;;;;;;;;;;;;;;;;;;;;;
73;esec mico-leao-preto;esec;gr 4;cr - lagoa santa;sp;mata atlantica;;;;;;;;;;;;;;;;;;;;;;;;;;;;;;;;;;;;;;;;;;
60;esec niquia;esec;gr 1;cr - manaus;rr;amazonia;operacao;arpa;operacao;operacao;operacao basico;operacao basico e avancado;operacao basico e avancado;operacao;operacao;operacao basico;operacao basico e avancado;operacao basico;;;;;;;;;;;;;;;;;;;;;;;;;;;;;;
74;esec raso da catarina;esec;gr 2;cr - parnaiba;ba;caatinga;gef terrestre;;;;;;;;;;;;;;;;;;;;;;;;;;;;;;;;;;;;;;;;;
68;esec rio acre;esec;gr 1;gr 1;ac;amazonia;operacao;arpa;operacao;operacao;operacao basico;operacao basico;operacao basico;;;;;;;;;;;;;;;;;;;;;;;;;;;;;;;;;;;
76;esec serra geral do tocantins;esec;gr 3;gr 3;ba/to;cerrado;parada;parada;parada;parada;parada;;;;;;;;;;;;;;;;;;;;;;;;;;;;;;;;;;;;;
64;esec tupinambas;esec;gr 4;cr - lagoa santa;sp;marinho-costeiro;;;;;;;;;;;;;;;;;;;;;;;;;;;;;;;;;;;;;;;;;;
128;flona da mata grande;flona;gr 4;cr - lagoa santa;go;cerrado;;;;;;;;;;;;;;;;;;;;;;;;;;;;;;;;;;;;;;;;;;
132;flona da restinga de cabedelo;flona;gr 2;cr - parnaiba;pb;mata atlantica;;;;;;;;;;;;;;;;;;;;;;;;;;;;;;;;;;;;;;;;;;
82;flona de acu;flona;gr 2;cr - parnaiba;rn;caatinga;;;;;;;;;;;;;;;;;;;;;;;;;;;;;;;;;;;;;;;;;;
83;flona de altamira;flona;gr 1;cr - oeste do para;pa;amazonia;;;;;;;;;;;;;;;;;;;;;;;;;;;;;;;;;;;;;;;;;;
84;flona de anaua;flona;gr 1;cr - manaus;rr;amazonia;;;;;;;;;;;;;;;;;;;;;;;;;;;;;;;;;;;;;;;;;;
77;flona de assungui;flona;gr 5;gr 5;pr;mata atlantica;;;;;;;;;;;;;;;;;;;;;;;;;;;;;;;;;;;;;;;;;;
85;flona de balata-tufari;flona;gr 1;cr - porto velho;am;amazonia;;;;;;;;;;;;;;;;;;;;;;;;;;;;;;;;;;;;;;;;;;
86;flona de brasilia;flona;gr 3;gr 3;go/df;cerrado;parada;parada;parada;parada;;;;;;;;;;;;;;;;;;;;;;;;;;;;;;;;;;;;;;
78;flona de cacador;flona;gr 5;gr 5;sc;mata atlantica;;;;;;;;;;;;;;;;;;;;;;;;;;;;;;;;;;;;;;;;;;
87;flona de canela;flona;gr 5;gr 5;rs;mata atlantica;;;;;;;;;;;;;;;;;;;;;;;;;;;;;;;;;;;;;;;;;;
79;flona de capao bonito;flona;gr 4;cr - lagoa santa;sp;cerrado;;;;;;;;;;;;;;;;;;;;;;;;;;;;;;;;;;;;;;;;;;
88;flona de carajas;flona;gr 1;gr 1;pa;amazonia;operacao;operacao;operacao;operacao;operacao basico;operacao basico;operacao basico;operacao basico e avancado;operacao basico e avancado;operacao basico e avancado;operacao basico;operacao basico;;;;;;;;;;;;;;;;;;;;;;;;;;;;;;
89;flona de caxiuana;flona;gr 1;gr 1;pa;amazonia;operacao;operacao;operacao;operacao basico e avancado;operacao basico e avancado;operacao basico e avancado;operacao basico e avancado;operacao basico e avancado;operacao basico e avancado;operacao basico;operacao basico;operacao basico;;;;;;;;;;;;;;;;;;;;;;;;;;;;;;
80;flona de chapeco;flona;gr 5;gr 5;sc;mata atlantica;;;;;;;;;;;;;;;;;;;;;;;;;;;;;;;;;;;;;;;;;;
81;flona de contendas do sincora;flona;gr 2;gr 2;ba;caatinga;operacao;operacao;operacao;operacao basico;;;;;;;;;;;;;;;;;;;;;;;;;;;;;;;;;;;;;;
90;flona de cristopolis;flona;gr 2;cr - parnaiba;ba;cerrado;;;;;;;;;;;;;;;;;;;;;;;;;;;;;;;;;;;;;;;;;;
91;flona de goytacazes;flona;gr 2;cr - parnaiba;es;mata atlantica;;;;;;;;;;;;;;;;;;;;;;;;;;;;;;;;;;;;;;;;;;
92;flona de humaita;flona;gr 1;cr - porto velho;am;amazonia;;;;;;;;;;;;;;;;;;;;;;;;;;;;;;;;;;;;;;;;;;
93;flona de ibirama;flona;gr 5;gr 5;sc;mata atlantica;;;;;;;;;;;;;;;;;;;;;;;;;;;;;;;;;;;;;;;;;;
94;flona de ipanema;flona;gr 4;cr - lagoa santa;sp;mata atlantica;;;;;;;;;;;;;;;;;;;;;;;;;;;;;;;;;;;;;;;;;;
125;flona de irati;flona;gr 5;gr 5;pr;mata atlantica;;;;;;;;;;;;;;;;;;;;;;;;;;;;;;;;;;;;;;;;;;
95;flona de itaituba i;flona;gr 1;cr - oeste do para;pa;amazonia;;;;;;;;;;;;;;;;;;;;;;;;;;;;;;;;;;;;;;;;;;
96;flona de itaituba ii;flona;gr 1;cr - oeste do para;pa;amazonia;;;;;;;;;;;;;;;;;;;;;;;;;;;;;;;;;;;;;;;;;;
97;flona de jacunda;flona;gr 1;cr - porto velho;ro;amazonia;;;;;;;;;;;;;;;;;;;;;;;;;;;;;;;;;;;;;;;;;;
98;flona de lorena;flona;gr 4;cr - lagoa santa;sp;mata atlantica;;;;;;;;;;;;;;;;;;;;;;;;;;;;;;;;;;;;;;;;;;
99;flona de mulata;flona;gr 1;cr - oeste do para;pa;amazonia;;;;;;;;;;;;;;;;;;;;;;;;;;;;;;;;;;;;;;;;;;
1605;flona de negreiros;flona;gr 2;cr - parnaiba;pe;caatinga;;;;;;;;;;;;;;;;;;;;;;;;;;;;;;;;;;;;;;;;;;
100;flona de nisia floresta;flona;gr 2;cr - parnaiba;rn;mata atlantica;;;;;;;;;;;;;;;;;;;;;;;;;;;;;;;;;;;;;;;;;;
101;flona de pacotuba;flona;gr 2;cr - parnaiba;es;mata atlantica;;;;;;;;;;;;;;;;;;;;;;;;;;;;;;;;;;;;;;;;;;
102;flona de palmares;flona;gr 2;cr - parnaiba;pi;caatinga;;;;;;;;;;;;;;;;;;;;;;;;;;;;;;;;;;;;;;;;;;
103;flona de paraopeba;flona;gr 4;cr - lagoa santa;mg;cerrado;;;;;;;;;;;;;;;;;;;;;;;;;;;;;;;;;;;;;;;;;;
129;flona de passa quatro;flona;gr 4;cr - lagoa santa;mg;mata atlantica;;;;;;;;;;;;;;;;;;;;;;;;;;;;;;;;;;;;;;;;;;
130;flona de passo fundo;flona;gr 5;gr 5;rs;mata atlantica;;;;;;;;;;;;;;;;;;;;;;;;;;;;;;;;;;;;;;;;;;
104;flona de pau-rosa;flona;gr 1;cr - manaus;am;amazonia;;;;;;;;;;;;;;;;;;;;;;;;;;;;;;;;;;;;;;;;;;
131;flona de pirai do sul;flona;gr 5;gr 5;pr;mata atlantica;;;;;;;;;;;;;;;;;;;;;;;;;;;;;;;;;;;;;;;;;;
105;flona de ritapolis;flona;gr 4;cr - lagoa santa;mg;mata atlantica;;;;;;;;;;;;;;;;;;;;;;;;;;;;;;;;;;;;;;;;;;
106;flona de roraima;flona;gr 1;cr - manaus;am/rr;amazonia;;;;;;;;;;;;;;;;;;;;;;;;;;;;;;;;;;;;;;;;;;
107;flona de santa rosa do purus;flona;gr 1;cr - porto velho;ac;amazonia;;;;;;;;;;;;;;;;;;;;;;;;;;;;;;;;;;;;;;;;;;
108;flona de sao francisco;flona;gr 1;cr - porto velho;ac;amazonia;;;;;;;;;;;;;;;;;;;;;;;;;;;;;;;;;;;;;;;;;;
133;flona de sao francisco de paula;flona;gr 5;gr 5;rs;mata atlantica;;;;;;;;;;;;;;;;;;;;;;;;;;;;;;;;;;;;;;;;;;
110;flona de silvania;flona;gr 4;cr - lagoa santa;go;cerrado;;;;;;;;;;;;;;;;;;;;;;;;;;;;;;;;;;;;;;;;;;
111;flona de sobral;flona;gr 2;cr - parnaiba;ce;caatinga;;;;;;;;;;;;;;;;;;;;;;;;;;;;;;;;;;;;;;;;;;
112;flona de tefe;flona;gr 1;cr - manaus;am;amazonia;;;;;;;;;;;;;;;;;;;;;;;;;;;;;;;;;;;;;;;;;;
134;flona de tres barras;flona;gr 5;gr 5;sc;mata atlantica;;;;;;;;;;;;;;;;;;;;;;;;;;;;;;;;;;;;;;;;;;
3408;flona de urupadi;flona;gr 1;cr - porto velho;am;amazonia;;;;;;;;;;;;;;;;;;;;;;;;;;;;;;;;;;;;;;;;;;
271;flona do amana;flona;gr 1;cr - oeste do para;am/pa;amazonia;;;;;;;;;;;;;;;;;;;;;;;;;;;;;;;;;;;;;;;;;;
113;flona do amapa;flona;gr 1;cr - belem;ap;amazonia;;;;;;;;;;;;;;;;;;;;;;;;;;;;;;;;;;;;;;;;;;
114;flona do amazonas;flona;gr 1;cr - manaus;am/rr;amazonia;;;;;;;;;;;;;;;;;;;;;;;;;;;;;;;;;;;;;;;;;;
115;flona do araripe-apodi;flona;gr 2;cr - parnaiba;ce;caatinga;gef terrestre;;;;;;;;;;;;;;;;;;;;;;;;;;;;;;;;;;;;;;;;;
3409;flona do aripuana;flona;gr 1;cr - porto velho;am;amazonia;;;;;;;;;;;;;;;;;;;;;;;;;;;;;;;;;;;;;;;;;;
116;flona do bom futuro;flona;gr 1;cr - porto velho;ro;amazonia;;;;;;;;;;;;;;;;;;;;;;;;;;;;;;;;;;;;;;;;;;
270;flona do crepori;flona;gr 1;cr - oeste do para;pa;amazonia;;;;;;;;;;;;;;;;;;;;;;;;;;;;;;;;;;;;;;;;;;
269;flona do ibura;flona;gr 2;cr - parnaiba;se;mata atlantica;;;;;;;;;;;;;;;;;;;;;;;;;;;;;;;;;;;;;;;;;;
1612;flona do iquiri;flona;gr 1;cr - porto velho;am;amazonia;;;;;;;;;;;;;;;;;;;;;;;;;;;;;;;;;;;;;;;;;;
117;flona do itacaiunas;flona;gr 1;cr - belem;pa;amazonia;;;;;;;;;;;;;;;;;;;;;;;;;;;;;;;;;;;;;;;;;;
266;flona do jamanxim;flona;gr 1;cr - oeste do para;pa;amazonia;;;;;;;;;;;;;;;;;;;;;;;;;;;;;;;;;;;;;;;;;;
118;flona do jamari;flona;gr 1;gr 1;ro;amazonia;operacao;operacao;operacao;operacao;operacao basico e avancado;operacao basico e avancado;operacao basico e avancado;parada;parada;parada;operacao basico e avancado;operacao basico e avancado;operacao basico e avancado;operacao basico;;;;;;;;;;;;;;;;;;;;;;;;;;;;
119;flona do jatuarana;flona;gr 1;cr - porto velho;am;amazonia;;;;;;;;;;;;;;;;;;;;;;;;;;;;;;;;;;;;;;;;;;
120;flona do macaua;flona;gr 1;cr - porto velho;ac;amazonia;;;;;;;;;;;;;;;;;;;;;;;;;;;;;;;;;;;;;;;;;;
121;flona do purus;flona;gr 1;cr - porto velho;am;amazonia;;;;;;;;;;;;;;;;;;;;;;;;;;;;;;;;;;;;;;;;;;
122;flona do rio preto;flona;gr 2;cr - parnaiba;es;mata atlantica;;;;;;;;;;;;;;;;;;;;;;;;;;;;;;;;;;;;;;;;;;
123;flona do tapajos;flona;gr 1;gr 1;pa;amazonia;operacao;operacao;operacao;operacao basico e avancado;operacao basico e avancado;operacao basico e avancado;operacao basico e avancado;operacao basico e avancado;operacao basico e avancado;operacao;operacao;operacao basico;;;;;;;;;;;;;;;;;;;;;;;;;;;;;;
124;flona do tapirapeaquiri;flona;gr 1;gr 1;pa;amazonia;;;;;;;;;;;;;;;;;;;;;;;;;;;;;;;;;;;;;;;;;;
265;flona do trairao;flona;gr 1;cr - oeste do para;pa;amazonia;;;;;;;;;;;;;;;;;;;;;;;;;;;;;;;;;;;;;;;;;;
126;flona mapia-inauini;flona;gr 1;cr - porto velho;am;amazonia;;;;;;;;;;;;;;;;;;;;;;;;;;;;;;;;;;;;;;;;;;
127;flona mario xavier;flona;gr 4;cr - lagoa santa;rj;mata atlantica;;;;;;;;;;;;;;;;;;;;;;;;;;;;;;;;;;;;;;;;;;
109;flona saraca-taquera;flona;gr 1;cr - oeste do para;pa;amazonia;;;;;;;;;;;;;;;;;;;;;;;;;;;;;;;;;;;;;;;;;;
34;mona das ilhas cagarras;mona;gr 4;cr - lagoa santa;rj;marinho-costeiro;;;;;;;;;;;;;;;;;;;;;;;;;;;;;;;;;;;;;;;;;;
1812;mona do rio sao francisco;mona;gr 2;cr - parnaiba;ba/se/al;caatinga;gef terrestre;;;;;;;;;;;;;;;;;;;;;;;;;;;;;;;;;;;;;;;;;
181;mona dos pontaes capixabas;mona;gr 2;cr - parnaiba;es;mata atlantica;;;;;;;;;;;;;;;;;;;;;;;;;;;;;;;;;;;;;;;;;;
135;parna cavernas do peruacu;parna;gr 4;cr - lagoa santa;mg;cerrado;;;;;;;;;;;;;;;;;;;;;;;;;;;;;;;;;;;;;;;;;;
136;parna da amazonia;parna;gr 1;gr 1;am/pa;amazonia;operacao;arpa;operacao;operacao;operacao basico;operacao basico;operacao basico;operacao basico e avancado;operacao basico e avancado;operacao basico e avancado;operacao basico e avancado;operacao basico e avancado;operacao basico e avancado;operacao;operacao;operacao basico;operacao basico;operacao basico;;;;;;;;;;;;;;;;;;;;;;;;
272;parna da chapada das mesas;parna;gr 2;cr - parnaiba;ma;cerrado;;;;;;;;;;;;;;;;;;;;;;;;;;;;;;;;;;;;;;;;;;
137;parna da chapada diamantina;parna;gr 2;cr - parnaiba;ba;caatinga;gef terrestre;;;;;;;;;;;;;;;;;;;;;;;;;;;;;;;;;;;;;;;;;
138;parna da chapada dos guimaraes;parna;gr 3;gr 3;mt;cerrado;implantacao;implantacao;implantacao;implantacao;;;;;;;;;;;;;;;;;;;;;;;;;;;;;;;;;;;;;;
139;parna da chapada dos veadeiros;parna;gr 3;gr 3;go;cerrado;operacao;operacao;operacao;operacao;operacao basico e avancado;operacao basico;;;;;;;;;;;;;;;;;;;;;;;;;;;;;;;;;;;;
2633;parna da furna feia;parna;gr 2;cr - parnaiba;rn;caatinga;gef terrestre;;;;;;;;;;;;;;;;;;;;;;;;;;;;;;;;;;;;;;;;;
140;parna da lagoa do peixe;parna;gr 5;gr 5;rs;pampas;operacao;gef mar;operacao;operacao;operacao basico;operacao basico;;;;;;;;;;;;;;;;;;;;;;;;;;;;;;;;;;;;
141;parna da restinga de jurubatiba;parna;gr 4;gr 4;rj;mata atlantica;operacao;operacao;operacao;operacao;;;;;;;;;;;;;;;;;;;;;;;;;;;;;;;;;;;;;;
142;parna da serra da bocaina;parna;gr 4;gr 4;rj/sp;mata atlantica;parada;parada;parada;parada;parada;parada;;;;;;;;;;;;;;;;;;;;;;;;;;;;;;;;;;;;
143;parna da serra da bodoquena;parna;gr 3;gr 3;ms;cerrado;operacao;operacao;operacao;operacao basico;operacao basico;operacao basico;operacao basico;operacao basico e avancado;operacao basico e avancado;;;;;;;;;;;;;;;;;;;;;;;;;;;;;;;;;
144;parna da serra da canastra;parna;gr 4;cr - lagoa santa;mg;cerrado;implantacao;implantacao;implantacao;implantacao;;;;;;;;;;;;;;;;;;;;;;;;;;;;;;;;;;;;;;
145;parna da serra da capivara;parna;gr 2;cr - parnaiba;pi;caatinga;gef terrestre;;;;;;;;;;;;;;;;;;;;;;;;;;;;;;;;;;;;;;;;;
188;parna da serra da cutia;parna;gr 1;gr 1;ro;amazonia;operacao;arpa;operacao;operacao;operacao basico;operacao basico;operacao basico;operacao basico e avancado;operacao basico e avancado;operacao basico e avancado;operacao basico;operacao basico;operacao basico;;;;;;;;;;;;;;;;;;;;;;;;;;;;;
146;parna da serra das confusaes;parna;gr 2;cr - parnaiba;pi;caatinga;;;;;;;;;;;;;;;;;;;;;;;;;;;;;;;;;;;;;;;;;;
1909;parna da serra das lontras;parna;gr 2;cr - parnaiba;ba;mata atlantica;;;;;;;;;;;;;;;;;;;;;;;;;;;;;;;;;;;;;;;;;;
148;parna da serra do cipo;parna;gr 3;gr 3;mg;cerrado;operacao;operacao;operacao;operacao;parada;operacao basico;operacao basico;operacao basico;operacao basico;operacao basico;;;;;;;;;;;;;;;;;;;;;;;;;;;;;;;;
149;parna da serra do divisor;parna;gr 1;gr 1;ac;amazonia;operacao;arpa;operacao;operacao;operacao basico;operacao basico;operacao basico;operacao basico;operacao basico;operacao basico;operacao basico;operacao basico e avancado;operacao basico e avancado;;;;;;;;;;;;;;;;;;;;;;;;;;;;;
3136;parna da serra do gandarela;parna;gr 4;cr - lagoa santa;mg;mata atlantica;;;;;;;;;;;;;;;;;;;;;;;;;;;;;;;;;;;;;;;;;;
150;parna da serra do itajai;parna;gr 5;gr 5;sc;mata atlantica;;;;;;;;;;;;;;;;;;;;;;;;;;;;;;;;;;;;;;;;;;
151;parna da serra do pardo;parna;gr 1;gr 1;pa;amazonia;operacao;arpa;operacao;operacao;operacao basico;operacao basico;operacao basico;operacao basico e avancado;operacao basico e avancado;operacao basico e avancado;operacao basico e avancado;;;;;;;;;;;;;;;;;;;;;;;;;;;;;;;
152;parna da serra dos orgaos;parna;gr 4;gr 4;rj;mata atlantica;operacao;operacao;operacao;operacao basico;operacao basico;operacao basico e avancado;operacao basico e avancado;operacao basico e avancado;operacao basico e avancado;;;;;;;;;;;;;;;;;;;;;;;;;;;;;;;;;
153;parna da serra geral;parna;gr 5;gr 5;sc/rs;mata atlantica;;;;;;;;;;;;;;;;;;;;;;;;;;;;;;;;;;;;;;;;;;
154;parna da tijuca;parna;gr 4;cr - lagoa santa;rj;mata atlantica;;;;;;;;;;;;;;;;;;;;;;;;;;;;;;;;;;;;;;;;;;
262;parna das araucarias;parna;gr 5;gr 5;sc;mata atlantica;;;;;;;;;;;;;;;;;;;;;;;;;;;;;;;;;;;;;;;;;;
155;parna das emas;parna;gr 3;gr 3;ms/go;cerrado;;;;;;;;;;;;;;;;;;;;;;;;;;;;;;;;;;;;;;;;;;
156;parna das nascentes do rio parnaiba;parna;gr 2;cr - parnaiba;ma/pi/ba;cerrado;;;;;;;;;;;;;;;;;;;;;;;;;;;;;;;;;;;;;;;;;;
157;parna das sempre-vivas;parna;gr 4;cr - lagoa santa;mg;cerrado;implantacao;implantacao;implantacao;implantacao;;;;;;;;;;;;;;;;;;;;;;;;;;;;;;;;;;;;;;
49;parna de anavilhanas;parna;gr 1;gr 1;am;amazonia;operacao;arpa;operacao;operacao;operacao basico;;;;;;;;;;;;;;;;;;;;;;;;;;;;;;;;;;;;;
158;parna de aparados da serra;parna;gr 5;gr 5;sc/rs;mata atlantica;gef terrestre;;;;;;;;;;;;;;;;;;;;;;;;;;;;;;;;;;;;;;;;;
1908;parna de boa nova;parna;gr 2;cr - parnaiba;ba;mata atlantica;;;;;;;;;;;;;;;;;;;;;;;;;;;;;;;;;;;;;;;;;;
159;parna de brasilia;parna;gr 3;gr 3;df;cerrado;operacao;operacao;operacao;operacao;operacao basico e avancado;operacao basico e avancado;operacao basico;;;;;;;;;;;;;;;;;;;;;;;;;;;;;;;;;;;
160;parna de caparao;parna;gr 4;cr - lagoa santa;es/mg;mata atlantica;;;;;;;;;;;;;;;;;;;;;;;;;;;;;;;;;;;;;;;;;;
161;parna de ilha grande;parna;gr 5;gr 5;ms/pr;mata atlantica;;;;;;;;;;;;;;;;;;;;;;;;;;;;;;;;;;;;;;;;;;
184;parna de itatiaia;parna;gr 4;cr - lagoa santa;mg/rj;mata atlantica;operacao;implantacao;implantacao;implantacao;operacao;operacao;operacao basico;operacao basico e avancado;operacao basico;;;;;;;;;;;;;;;;;;;;;;;;;;;;;;;;;
162;parna de jericoacoara;parna;gr 2;cr - parnaiba;ce;caatinga;operacao;operacao;operacao;operacao basico;operacao basico;;;;;;;;;;;;;;;;;;;;;;;;;;;;;;;;;;;;;
163;parna de pacaas novos;parna;gr 1;gr 1;ro;amazonia;operacao;arpa;operacao;operacao;operacao basico;operacao basico;operacao basico;operacao basico;operacao basico;operacao basico;operacao basico;operacao basico;operacao basico;;;;;;;;;;;;;;;;;;;;;;;;;;;;;
164;parna de saint-hilaire/lange;parna;gr 5;gr 5;pr;mata atlantica;;;;;;;;;;;;;;;;;;;;;;;;;;;;;;;;;;;;;;;;;;
165;parna de sao joaquim;parna;gr 5;gr 5;sc;mata atlantica;;;;;;;;;;;;;;;;;;;;;;;;;;;;;;;;;;;;;;;;;;
166;parna de sete cidades;parna;gr 2;cr - parnaiba;pi;caatinga;gef terrestre;;;;;;;;;;;;;;;;;;;;;;;;;;;;;;;;;;;;;;;;;
167;parna de ubajara;parna;gr 2;cr - parnaiba;ce;caatinga;gef terrestre;;;;;;;;;;;;;;;;;;;;;;;;;;;;;;;;;;;;;;;;;
171;parna descobrimento;parna;gr 2;cr - parnaiba;ba;mata atlantica;;;;;;;;;;;;;;;;;;;;;;;;;;;;;;;;;;;;;;;;;;
3410;parna do acari;parna;gr 1;cr - porto velho;am;amazonia;;;;;;;;;;;;;;;;;;;;;;;;;;;;;;;;;;;;;;;;;;
1910;parna do alto cariri;parna;gr 2;cr - parnaiba;ba;mata atlantica;;;;;;;;;;;;;;;;;;;;;;;;;;;;;;;;;;;;;;;;;;
168;parna do araguaia;parna;gr 3;gr 3;to;cerrado;;;;;;;;;;;;;;;;;;;;;;;;;;;;;;;;;;;;;;;;;;
169;parna do cabo orange;parna;gr 1;gr 1;ap;amazonia;operacao;arpa;operacao;operacao;operacao basico;operacao basico;operacao basico;operacao basico;operacao basico;operacao basico;operacao basico e avancado;operacao basico e avancado;operacao basico e avancado;operacao;operacao;operacao;operacao basico;operacao basico;operacao;;;;;;;;;;;;;;;;;;;;;;;
170;parna do catimbau;parna;gr 2;cr - parnaiba;pe;caatinga;gef terrestre;;;;;;;;;;;;;;;;;;;;;;;;;;;;;;;;;;;;;;;;;
172;parna do iguacu;parna;gr 5;gr 5;pr;mata atlantica;operacao;operacao;operacao;operacao basico;operacao basico;operacao basico e avancado;operacao basico e avancado;;;;;;;;;;;;;;;;;;;;;;;;;;;;;;;;;;;
267;parna do jamanxim;parna;gr 1;gr 1;pa;amazonia;operacao;arpa;operacao;operacao;operacao basico e avancado;operacao basico e avancado;operacao basico;;;;;;;;;;;;;;;;;;;;;;;;;;;;;;;;;;;
173;parna do jau;parna;gr 1;gr 1;am/rr;amazonia;operacao;arpa;operacao;operacao;operacao basico;operacao basico;operacao basico;operacao basico e avancado;operacao basico e avancado;operacao basico e avancado;operacao basico e avancado;operacao basico e avancado;operacao basico e avancado;operacao;operacao;operacao basico e avancado;;;;;;;;;;;;;;;;;;;;;;;;;;
281;parna do juruena;parna;gr 3;gr 3;am/mt;amazonia;operacao;arpa;operacao;operacao;operacao basico e avancado;operacao basico e avancado;operacao basico e avancado;operacao basico e avancado;operacao basico e avancado;operacao basico e avancado;operacao basico e avancado;operacao basico e avancado;operacao basico e avancado;parada;parada;parada;;;;;;;;;;;;;;;;;;;;;;;;;;
182;parna do monte pascoal;parna;gr 2;cr - parnaiba;ba;mata atlantica;;;;;;;;;;;;;;;;;;;;;;;;;;;;;;;;;;;;;;;;;;
174;parna do monte roraima;parna;gr 1;gr 1;rr;amazonia;operacao;arpa;operacao;operacao;operacao basico;operacao basico;operacao basico;operacao basico e avancado;operacao basico e avancado;operacao basico e avancado;operacao basico e avancado;;;;;;;;;;;;;;;;;;;;;;;;;;;;;;;
175;parna do pantanal mato-grossense;parna;gr 3;gr 3;ms/mt;pantanal;gef terrestre;;;;;;;;;;;;;;;;;;;;;;;;;;;;;;;;;;;;;;;;;
176;parna do pau brasil;parna;gr 2;cr - parnaiba;ba;mata atlantica;;;;;;;;;;;;;;;;;;;;;;;;;;;;;;;;;;;;;;;;;;
177;parna do pico da neblina;parna;gr 1;cr - manaus;am;amazonia;;;;;;;;;;;;;;;;;;;;;;;;;;;;;;;;;;;;;;;;;;
264;parna do rio novo;parna;gr 1;cr - oeste do para;pa;amazonia;arpa;;;;;;;;;;;;;;;;;;;;;;;;;;;;;;;;;;;;;;;;;
178;parna do superagui;parna;gr 5;gr 5;sp/pr;mata atlantica;operacao;operacao;operacao;parada;parada;operacao basico;operacao basico;operacao basico;operacao basico;operacao basico;operacao;operacao;operacao basico;operacao basico;;;;;;;;;;;;;;;;;;;;;;;;;;;;
179;parna do virua;parna;gr 1;gr 1;rr;amazonia;operacao;arpa;operacao;operacao;operacao basico;operacao basico;operacao basico e avancado;operacao basico e avancado;operacao basico;operacao;operacao;operacao basico;operacao basico e avancado;operacao basico;;;;;;;;;;;;;;;;;;;;;;;;;;;;
284;parna dos campos amazonicos;parna;gr 1;gr 1;ro/mt/am;amazonia;operacao;arpa;operacao;operacao;implantacao;operacao basico;operacao basico;operacao basico;operacao basico e avancado;operacao basico e avancado;operacao basico e avancado;operacao basico;operacao basico;operacao basico;implantacao;operacao;operacao;operacao basico;operacao basico;operacao basico;;;;;;;;;;;;;;;;;;;;;;
277;parna dos campos gerais;parna;gr 5;gr 5;pr;mata atlantica;;;;;;;;;;;;;;;;;;;;;;;;;;;;;;;;;;;;;;;;;;
180;parna dos lencois maranhenses;parna;gr 2;cr - parnaiba;ma;cerrado;;;;;;;;;;;;;;;;;;;;;;;;;;;;;;;;;;;;;;;;;;
183;parna grande sertao veredas;parna;gr 4;cr - lagoa santa;ba/mg;cerrado;;;;;;;;;;;;;;;;;;;;;;;;;;;;;;;;;;;;;;;;;;
3137;parna guaricana;parna;gr 5;gr 5;pr;mata atlantica;;;;;;;;;;;;;;;;;;;;;;;;;;;;;;;;;;;;;;;;;;
1633;parna mapinguari;parna;gr 1;gr 1;am/ro;amazonia;operacao;arpa;operacao;operacao;operacao;operacao basico;operacao basico;operacao basico;operacao basico e avancado;operacao basico e avancado;operacao basico e avancado;operacao basico e avancado;operacao basico e avancado;operacao basico e avancado;operacao basico;operacao;operacao;operacao basico;operacao basico e avancado;operacao basico;;;;;;;;;;;;;;;;;;;;;;
2874;parna marinho das ilhas dos currais;parna;gr 5;gr 5;pr;marinho-costeiro;;;;;;;;;;;;;;;;;;;;;;;;;;;;;;;;;;;;;;;;;;
186;parna marinho de fernando de noronha;parna;gr 2;gr 2;pe;marinho-costeiro;operacao;gef mar;operacao;operacao;operacao;operacao basico e avancado;operacao basico e avancado;;;;;;;;;;;;;;;;;;;;;;;;;;;;;;;;;;;
185;parna marinho dos abrolhos;parna;gr 2;gr 2;ba;marinho-costeiro;operacao;gef mar;operacao;operacao;operacao;operacao basico;operacao basico e avancado;;;;;;;;;;;;;;;;;;;;;;;;;;;;;;;;;;;
187;parna montanhas do tumucumaque;parna;gr 1;gr 1;ap;amazonia;operacao;arpa;operacao;operacao;operacao basico e avancado;operacao basico e avancado;operacao basico e avancado;operacao basico;operacao basico;operacao basico;operacao basico e avancado;operacao basico e avancado;operacao basico e avancado;;;;;;;;;;;;;;;;;;;;;;;;;;;;;
1626;parna nascentes do lago jari;parna;gr 1;gr 1;am;amazonia;operacao;arpa;operacao;operacao;operacao basico;operacao basico;operacao basico;operacao basico e avancado;operacao basico e avancado;operacao basico e avancado;operacao basico;operacao basico;operacao basico;;;;;;;;;;;;;;;;;;;;;;;;;;;;;
189;parna serra da mocidade;parna;gr 1;gr 1;am/rr;amazonia;operacao;arpa;operacao;operacao;operacao basico;operacao basico e avancado;operacao basico e avancado;operacao;operacao;operacao basico;operacao basico e avancado;operacao basico;;;;;;;;;;;;;;;;;;;;;;;;;;;;;;
147;parna serra de itabaiana;parna;gr 2;cr - parnaiba;se;mata atlantica;;;;;;;;;;;;;;;;;;;;;;;;;;;;;;;;;;;;;;;;;;
218;rds de itatupa-baquia;rds;gr 1;gr 1;pa;amazonia;operacao;arpa;operacao;operacao;operacao basico;;;;;;;;;;;;;;;;;;;;;;;;;;;;;;;;;;;;;
3135;rds nascentes geraizeiras;rds;gr 4;cr - lagoa santa;mg;cerrado;;;;;;;;;;;;;;;;;;;;;;;;;;;;;;;;;;;;;;;;;;
191;rebio augusto ruschi;rebio;gr 2;cr - parnaiba;es;mata atlantica;;;;;;;;;;;;;;;;;;;;;;;;;;;;;;;;;;;;;;;;;;
2634;rebio bom jesus;rebio;gr 5;gr 5;pr;mata atlantica;;;;;;;;;;;;;;;;;;;;;;;;;;;;;;;;;;;;;;;;;;
192;rebio da contagem;rebio;gr 3;gr 3;df;cerrado;operacao;operacao;operacao;operacao basico;;;;;;;;;;;;;;;;;;;;;;;;;;;;;;;;;;;;;;
193;rebio da mata escura;rebio;gr 4;cr - lagoa santa;mg;mata atlantica;;;;;;;;;;;;;;;;;;;;;;;;;;;;;;;;;;;;;;;;;;
276;rebio das araucarias;rebio;gr 5;gr 5;pr;mata atlantica;;;;;;;;;;;;;;;;;;;;;;;;;;;;;;;;;;;;;;;;;;
275;rebio das perobas;rebio;gr 5;gr 5;pr;mata atlantica;;;;;;;;;;;;;;;;;;;;;;;;;;;;;;;;;;;;;;;;;;
195;rebio de comboios;rebio;gr 2;gr 2;es;marinho-costeiro;operacao;operacao;operacao;operacao basico e avancado;;;;;;;;;;;;;;;;;;;;;;;;;;;;;;;;;;;;;;
197;rebio de pedra talhada;rebio;gr 2;cr - parnaiba;pe/al;mata atlantica;;;;;;;;;;;;;;;;;;;;;;;;;;;;;;;;;;;;;;;;;;
215;rebio de poco das antas;rebio;gr 4;cr - lagoa santa;rj;mata atlantica;;;;;;;;;;;;;;;;;;;;;;;;;;;;;;;;;;;;;;;;;;
198;rebio de saltinho;rebio;gr 2;cr - parnaiba;pe;mata atlantica;;;;;;;;;;;;;;;;;;;;;;;;;;;;;;;;;;;;;;;;;;
199;rebio de santa isabel;rebio;gr 2;gr 2;se;marinho-costeiro;operacao;operacao;operacao;operacao basico e avancado;;;;;;;;;;;;;;;;;;;;;;;;;;;;;;;;;;;;;;
200;rebio de serra negra;rebio;gr 2;cr - parnaiba;pe;caatinga;;;;;;;;;;;;;;;;;;;;;;;;;;;;;;;;;;;;;;;;;;
201;rebio de sooretama;rebio;gr 2;cr - parnaiba;es;mata atlantica;;;;;;;;;;;;;;;;;;;;;;;;;;;;;;;;;;;;;;;;;;
202;rebio de una;rebio;gr 2;gr 2;ba;mata atlantica;operacao;operacao;operacao;operacao basico;operacao basico;operacao basico;;;;;;;;;;;;;;;;;;;;;;;;;;;;;;;;;;;;
194;rebio do abufari;rebio;gr 1;gr 1;am;amazonia;parada;arpa;parada;parada;parada;;;;;;;;;;;;;;;;;;;;;;;;;;;;;;;;;;;;;
203;rebio do atol das rocas;rebio;gr 2;gr 2;pe;marinho-costeiro;operacao;gef mar;operacao;operacao;operacao basico e avancado;;;;;;;;;;;;;;;;;;;;;;;;;;;;;;;;;;;;;
204;rebio do corrego do veado;rebio;gr 2;cr - parnaiba;es;mata atlantica;;;;;;;;;;;;;;;;;;;;;;;;;;;;;;;;;;;;;;;;;;
205;rebio do corrego grande;rebio;gr 2;cr - parnaiba;es;mata atlantica;;;;;;;;;;;;;;;;;;;;;;;;;;;;;;;;;;;;;;;;;;
206;rebio do guapore;rebio;gr 1;gr 1;ro;amazonia;operacao;arpa;operacao;operacao;operacao basico;;;;;;;;;;;;;;;;;;;;;;;;;;;;;;;;;;;;;
207;rebio do gurupi;rebio;gr 1;gr 1;ma;amazonia;operacao;arpa;operacao;operacao;operacao basico e avancado;operacao basico e avancado;operacao basico e avancado;operacao basico;operacao basico;operacao basico;operacao basico e avancado;operacao basico e avancado;operacao basico;;;;;;;;;;;;;;;;;;;;;;;;;;;;;
208;rebio do jaru;rebio;gr 1;gr 1;ro;amazonia;operacao;arpa;operacao;operacao;operacao basico;operacao basico;operacao basico;operacao basico e avancado;operacao basico e avancado;operacao basico e avancado;operacao basico e avancado;operacao basico e avancado;operacao basico e avancado;operacao;operacao;operacao basico;operacao basico;operacao basico;;;;;;;;;;;;;;;;;;;;;;;;
209;rebio do lago piratuba;rebio;gr 1;gr 1;ap;amazonia;operacao;arpa;operacao;operacao;operacao avancado;;;;;;;;;;;;;;;;;;;;;;;;;;;;;;;;;;;;;
3411;rebio do manicore;rebio;gr 1;cr - porto velho;am;amazonia;arpa;;;;;;;;;;;;;;;;;;;;;;;;;;;;;;;;;;;;;;;;;
210;rebio do rio trombetas;rebio;gr 1;gr 1;pa;amazonia;operacao;arpa;operacao;operacao;operacao basico;operacao basico;operacao basico;operacao basico;operacao;operacao;operacao basico;;;;;;;;;;;;;;;;;;;;;;;;;;;;;;;
211;rebio do tapirape;rebio;gr 1;gr 1;pa;amazonia;operacao;arpa;operacao;operacao;operacao basico;operacao basico;operacao basico;operacao basico e avancado;operacao basico e avancado;operacao basico e avancado;parada;parada;parada;;;;;;;;;;;;;;;;;;;;;;;;;;;;;
212;rebio do tingua;rebio;gr 4;cr - lagoa santa;rj;mata atlantica;;;;;;;;;;;;;;;;;;;;;;;;;;;;;;;;;;;;;;;;;;
213;rebio do uatuma;rebio;gr 1;gr 1;am;amazonia;operacao;arpa;operacao;operacao;operacao basico;operacao basico;operacao basico;operacao basico;operacao basico;operacao basico;parada;parada;parada;;;;;;;;;;;;;;;;;;;;;;;;;;;;;
196;rebio guaribas;rebio;gr 2;gr 2;pb;mata atlantica;parada;parada;parada;parada;parada;;;;;;;;;;;;;;;;;;;;;;;;;;;;;;;;;;;;;
214;rebio marinha do arvoredo;rebio;gr 5;gr 5;sc;marinho-costeiro;;;;;;;;;;;;;;;;;;;;;;;;;;;;;;;;;;;;;;;;;;
216;rebio nascentes da serra do cachimbo;rebio;gr 1;cr - oeste do para;pa;amazonia;operacao;arpa;operacao;operacao;operacao basico;operacao basico;operacao basico;;;;;;;;;;;;;;;;;;;;;;;;;;;;;;;;;;;
217;rebio uniao;rebio;gr 4;cr - lagoa santa;rj;mata atlantica;;;;;;;;;;;;;;;;;;;;;;;;;;;;;;;;;;;;;;;;;;
1563;resex acau-goiana;resex;gr 2;cr - parnaiba;pb/pe;mata atlantica;gef mar;;;;;;;;;;;;;;;;;;;;;;;;;;;;;;;;;;;;;;;;;
274;resex alto tarauaca;resex;gr 1;gr 1;ac;amazonia;operacao;arpa;operacao;operacao;operacao basico;operacao basico;operacao basico;operacao basico;operacao basico;operacao basico;operacao basico;operacao basico;operacao basico;;;;;;;;;;;;;;;;;;;;;;;;;;;;;
285;resex arapixi;resex;gr 1;gr 1;am;amazonia;operacao;arpa;operacao;operacao;operacao basico;operacao basico;operacao basico;operacao basico e avancado;operacao basico e avancado;operacao basico e avancado;operacao basico;operacao basico;;;;;;;;;;;;;;;;;;;;;;;;;;;;;;
273;resex arioca pruana;resex;gr 1;gr 1;pa;amazonia;arpa;;;;;;;;;;;;;;;;;;;;;;;;;;;;;;;;;;;;;;;;;
220;resex auati-parana;resex;gr 1;gr 1;am;amazonia;implantacao;arpa;implantacao;implantacao;implantacao;implantacao;implantacao;;;;;;;;;;;;;;;;;;;;;;;;;;;;;;;;;;;
221;resex barreiro das antas;resex;gr 1;gr 1;ro;amazonia;operacao;arpa;operacao;operacao;operacao basico;operacao basico;operacao basico;operacao basico e avancado;operacao basico e avancado;operacao basico e avancado;parada;parada;parada;;;;;;;;;;;;;;;;;;;;;;;;;;;;;
1564;resex chapada limpa;resex;gr 2;cr - parnaiba;ma;cerrado;;;;;;;;;;;;;;;;;;;;;;;;;;;;;;;;;;;;;;;;;;
222;resex chico mendes;resex;gr 1;gr 1;ac;amazonia;operacao;arpa;operacao;operacao;operacao basico;parada;parada;operacao basico e avancado;operacao basico e avancado;parada;;;;;;;;;;;;;;;;;;;;;;;;;;;;;;;;
223;resex chocoare-mato grosso;resex;gr 1;gr 1;pa;amazonia;operacao;arpa;operacao;operacao;parada;operacao basico;operacao basico;;;;;;;;;;;;;;;;;;;;;;;;;;;;;;;;;;;
226;resex da mata grande;resex;gr 1;cr - belem;ma;cerrado;;;;;;;;;;;;;;;;;;;;;;;;;;;;;;;;;;;;;;;;;;
253;resex de canavieiras;resex;gr 2;gr 2;ba;mata atlantica;operacao;gef mar;operacao;operacao;operacao basico;operacao basico;;;;;;;;;;;;;;;;;;;;;;;;;;;;;;;;;;;;
1808;resex de cassuruba;resex;gr 2;gr 2;ba;mata atlantica;operacao;gef mar;operacao;operacao;operacao basico;operacao basico;operacao basico;;;;;;;;;;;;;;;;;;;;;;;;;;;;;;;;;;;
279;resex de cururupu;resex;gr 1;gr 1;ma;amazonia;operacao;arpa;operacao;operacao;operacao;operacao basico;operacao basico;operacao avancado;;;;;;;;;;;;;;;;;;;;;;;;;;;;;;;;;;
286;resex de recanto das araras de terra ronca;resex;gr 4;cr - lagoa santa;go;cerrado;;;;;;;;;;;;;;;;;;;;;;;;;;;;;;;;;;;;;;;;;;
228;resex de sao joao da ponta;resex;gr 1;gr 1;pa;amazonia;parada;parada;parada;;;;;;;;;;;;;;;;;;;;;;;;;;;;;;;;;;;;;;;
1517;resex do alto jurua;resex;gr 1;cr - porto velho;ac;amazonia;;;;;;;;;;;;;;;;;;;;;;;;;;;;;;;;;;;;;;;;;;
230;resex do baixo jurua;resex;gr 1;gr 1;am;amazonia;operacao;arpa;operacao;operacao;operacao;operacao basico;operacao basico;;;;;;;;;;;;;;;;;;;;;;;;;;;;;;;;;;;
231;resex do batoque;resex;gr 2;cr - parnaiba;ce;caatinga;;;;;;;;;;;;;;;;;;;;;;;;;;;;;;;;;;;;;;;;;;
232;resex do cazumba-iracema;resex;gr 1;gr 1;ac;amazonia;operacao;arpa;operacao;operacao;operacao;operacao basico;operacao basico;operacao basico;operacao basico;operacao basico;operacao basico;operacao basico e avancado;operacao basico e avancado;operacao basico e avancado;operacao basico e avancado;;;;;;;;;;;;;;;;;;;;;;;;;;;
1519;resex do ciriaco;resex;gr 1;cr - belem;ma;amazonia;;;;;;;;;;;;;;;;;;;;;;;;;;;;;;;;;;;;;;;;;;
240;resex do extremo norte do tocantins;resex;gr 1;cr - belem;to;cerrado;;;;;;;;;;;;;;;;;;;;;;;;;;;;;;;;;;;;;;;;;;
242;resex do lago do capana grande;resex;gr 1;gr 1;am;amazonia;operacao;arpa;operacao;operacao;operacao basico;operacao basico;operacao basico;;;;;;;;;;;;;;;;;;;;;;;;;;;;;;;;;;;
233;resex do lago do cunia;resex;gr 1;gr 1;ro;amazonia;operacao;operacao;operacao;operacao avancado;;;;;;;;;;;;;;;;;;;;;;;;;;;;;;;;;;;;;;
234;resex do mandira;resex;gr 4;cr - lagoa santa;sp;mata atlantica;;;;;;;;;;;;;;;;;;;;;;;;;;;;;;;;;;;;;;;;;;
235;resex do medio jurua;resex;gr 1;gr 1;am;amazonia;operacao;arpa;operacao;parada;operacao;parada;operacao basico;parada;;;;;;;;;;;;;;;;;;;;;;;;;;;;;;;;;;
1606;resex do medio purus;resex;gr 1;cr - porto velho;am;amazonia;arpa;;;;;;;;;;;;;;;;;;;;;;;;;;;;;;;;;;;;;;;;;
1520;resex do quilombo flexal;resex;gr 1;cr - belem;ma;amazonia;;;;;;;;;;;;;;;;;;;;;;;;;;;;;;;;;;;;;;;;;;
1518;resex do rio cajari;resex;gr 1;gr 1;ap;amazonia;operacao;arpa;operacao;operacao;operacao basico e avancado;operacao basico e avancado;operacao basico;;;;;;;;;;;;;;;;;;;;;;;;;;;;;;;;;;;
238;resex do rio do cautario;resex;gr 1;gr 1;ro;amazonia;operacao;arpa;operacao;operacao;operacao;operacao basico;operacao basico;operacao basico;operacao basico e avancado;operacao basico e avancado;operacao basico e avancado;implantacao;implantacao;implantacao;operacao avancado;;;;;;;;;;;;;;;;;;;;;;;;;;;
239;resex do rio jutai;resex;gr 1;cr - manaus;am;amazonia;arpa;;;;;;;;;;;;;;;;;;;;;;;;;;;;;;;;;;;;;;;;;
256;resex do rio ouro preto;resex;gr 1;gr 1;ro;amazonia;operacao;arpa;operacao;operacao;parada;operacao basico;operacao basico;operacao basico;operacao basico e avancado;operacao basico e avancado;operacao basico e avancado;parada;parada;parada;parada;operacao;operacao;operacao basico;operacao basico;operacao basico;;;;;;;;;;;;;;;;;;;;;;
288;resex gurupa-melgaco;resex;gr 1;cr - belem;pa;amazonia;;;;;;;;;;;;;;;;;;;;;;;;;;;;;;;;;;;;;;;;;;
241;resex ipau-anilzinho;resex;gr 1;gr 1;pa;amazonia;operacao;arpa;operacao;operacao;operacao;operacao basico;operacao basico;operacao basico e avancado;operacao basico e avancado;operacao basico;operacao basico e avancado;;;;;;;;;;;;;;;;;;;;;;;;;;;;;;;
1628;resex ituxi;resex;gr 1;gr 1;am;amazonia;operacao;arpa;operacao;operacao;operacao basico;operacao basico;operacao basico;;;;;;;;;;;;;;;;;;;;;;;;;;;;;;;;;;;
287;resex lago do cedro;resex;gr 3;gr 3;go;cerrado;;;;;;;;;;;;;;;;;;;;;;;;;;;;;;;;;;;;;;;;;;
243;resex mae grande de curuca;resex;gr 1;gr 1;pa;amazonia;operacao;arpa;operacao;operacao;parada;operacao basico;operacao basico;;;;;;;;;;;;;;;;;;;;;;;;;;;;;;;;;;;
244;resex mapua;resex;gr 1;cr - belem;pa;amazonia;arpa;;;;;;;;;;;;;;;;;;;;;;;;;;;;;;;;;;;;;;;;;
227;resex maracana;resex;gr 1;gr 1;pa;amazonia;operacao;arpa;operacao;operacao;operacao basico e avancado;;;;;;;;;;;;;;;;;;;;;;;;;;;;;;;;;;;;;
247;resex marinha arai-peroba;resex;gr 1;cr - belem;pa;amazonia;;;;;;;;;;;;;;;;;;;;;;;;;;;;;;;;;;;;;;;;;;
248;resex marinha caete-taperacu;resex;gr 1;gr 1;pa;amazonia;operacao;operacao;operacao;operacao basico;operacao basico;;;;;;;;;;;;;;;;;;;;;;;;;;;;;;;;;;;;;
3134;resex marinha cuinarana;resex;gr 1;cr - belem;pa;marinho-costeiro;arpa;;;;;;;;;;;;;;;;;;;;;;;;;;;;;;;;;;;;;;;;;
245;resex marinha da baia de iguape;resex;gr 2;gr 2;ba;marinho-costeiro;operacao;gef mar;operacao;operacao;operacao basico;operacao basico;;;;;;;;;;;;;;;;;;;;;;;;;;;;;;;;;;;;
246;resex marinha da lagoa do jequia;resex;gr 2;gr 2;al;mata atlantica;operacao;gef mar;operacao;operacao;operacao basico;operacao basico;operacao basico;;;;;;;;;;;;;;;;;;;;;;;;;;;;;;;;;;;
249;resex marinha de gurupi-piria;resex;gr 1;gr 1;pa;amazonia;operacao;operacao;operacao;operacao basico;operacao basico;;;;;;;;;;;;;;;;;;;;;;;;;;;;;;;;;;;;;
254;resex marinha de soure;resex;gr 1;cr - belem;pa;amazonia;;;;;;;;;;;;;;;;;;;;;;;;;;;;;;;;;;;;;;;;;;
251;resex marinha do arraial do cabo;resex;gr 4;cr - lagoa santa;rj;mata atlantica;;;;;;;;;;;;;;;;;;;;;;;;;;;;;;;;;;;;;;;;;;
252;resex marinha do corumbau;resex;gr 2;gr 2;ba;marinho-costeiro;operacao;gef mar;operacao;operacao basico;;;;;;;;;;;;;;;;;;;;;;;;;;;;;;;;;;;;;;
225;resex marinha do delta do parnaiba;resex;gr 2;cr - parnaiba;ma/pi;cerrado;gef mar;;;;;;;;;;;;;;;;;;;;;;;;;;;;;;;;;;;;;;;;;
3133;resex marinha mestre lucindo;resex;gr 1;gr 1;pa;marinho-costeiro;operacao;arpa;operacao;operacao;parada;operacao basico;operacao basico;;;;;;;;;;;;;;;;;;;;;;;;;;;;;;;;;;;
3132;resex marinha mocapajuba;resex;gr 1;cr - belem;pa;marinho-costeiro;arpa;;;;;;;;;;;;;;;;;;;;;;;;;;;;;;;;;;;;;;;;;
255;resex marinha pirajubae;resex;gr 5;gr 5;sc;marinho-costeiro;operacao;operacao;operacao;operacao basico;operacao basico;;;;;;;;;;;;;;;;;;;;;;;;;;;;;;;;;;;;;
250;resex marinha tracuateua;resex;gr 1;cr - belem;pa;amazonia;;;;;;;;;;;;;;;;;;;;;;;;;;;;;;;;;;;;;;;;;;
1809;resex prainha do canto verde;resex;gr 2;cr - parnaiba;ce;marinho-costeiro;;;;;;;;;;;;;;;;;;;;;;;;;;;;;;;;;;;;;;;;;;
1810;resex renascer;resex;gr 1;gr 1;pa;amazonia;operacao;arpa;operacao;operacao;operacao basico;operacao basico;parada;operacao basico e avancado;operacao basico e avancado;parada;parada;parada;parada;operacao;operacao;operacao basico;;;;;;;;;;;;;;;;;;;;;;;;;;
280;resex rio iriri;resex;gr 1;gr 1;pa;amazonia;operacao;arpa;operacao;operacao;operacao basico e avancado;operacao basico;;;;;;;;;;;;;;;;;;;;;;;;;;;;;;;;;;;;
283;resex rio unini;resex;gr 1;gr 1;am;amazonia;operacao;arpa;operacao;operacao;operacao avancado;operacao basico;;;;;;;;;;;;;;;;;;;;;;;;;;;;;;;;;;;;
1635;resex rio xingu;resex;gr 1;cr - oeste do para;pa;amazonia;arpa;;;;;;;;;;;;;;;;;;;;;;;;;;;;;;;;;;;;;;;;;
257;resex riozinho da liberdade;resex;gr 1;gr 1;ac/am;amazonia;operacao;arpa;operacao;operacao;operacao basico;operacao basico;operacao basico;operacao basico;operacao basico;operacao basico;operacao basico;operacao basico;operacao basico;;;;;;;;;;;;;;;;;;;;;;;;;;;;;
258;resex riozinho do anfrisio;resex;gr 1;gr 1;pa;amazonia;operacao;arpa;operacao;operacao;operacao;operacao basico;operacao basico;operacao basico;operacao basico e avancado;operacao basico e avancado;operacao basico;em operacao;;;;;;;;;;;;;;;;;;;;;;;;;;;;;;
259;resex tapajos-arapiuns;resex;gr 1;gr 1;pa;amazonia;operacao;arpa;operacao;operacao;operacao;operacao basico;operacao basico;operacao basico;operacao basico;operacao basico;operacao basico;parada;parada;parada;em operacao;operacao;operacao;operacao basico;;;;;;;;;;;;;;;;;;;;;;;;
282;resex terra grande-pracuuba;resex;gr 1;cr - belem;pa;amazonia;arpa;;;;;;;;;;;;;;;;;;;;;;;;;;;;;;;;;;;;;;;;;
260;resex verde para sempre;resex;gr 1;gr 1;pa;amazonia;operacao;arpa;operacao;operacao;operacao basico;operacao basico;operacao basico e avancado;operacao basico e avancado;operacao basico;operacao basico;operacao;operacao;operacao basico;;;;;;;;;;;;;;;;;;;;;;;;;;;;;
219;revis das veredas do oeste baiano;rvs;gr 3;gr 3;ba;cerrado;operacao;operacao;operacao;operacao basico;;;;;;;;;;;;;;;;;;;;;;;;;;;;;;;;;;;;;;
1907;revis de boa nova;rvs;gr 2;cr - parnaiba;ba;mata atlantica;;;;;;;;;;;;;;;;;;;;;;;;;;;;;;;;;;;;;;;;;;
1911;revis de santa cruz;rvs;gr 2;cr - parnaiba;es;marinho-costeiro;;;;;;;;;;;;;;;;;;;;;;;;;;;;;;;;;;;;;;;;;;
1880;revis de una;rvs;gr 2;cr - parnaiba;ba;mata atlantica;;;;;;;;;;;;;;;;;;;;;;;;;;;;;;;;;;;;;;;;;;
3432;revis do arquipelago de alcatrazes;rvs;gr 4;cr - lagoa santa;sp;marinho-costeiro;;;;;;;;;;;;;;;;;;;;;;;;;;;;;;;;;;;;;;;;;;
1813;revis do rio dos frades;rvs;gr 2;cr - parnaiba;ba;mata atlantica;;;;;;;;;;;;;;;;;;;;;;;;;;;;;;;;;;;;;;;;;;
278;revis dos campos de palmas;rvs;gr 5;gr 5;pr/sc;mata atlantica;;;;;;;;;;;;;;;;;;;;;;;;;;;;;;;;;;;;;;;;;;
190;revis ilha dos lobos;rvs;gr 5;gr 5;rs;marinho-costeiro;gef mar;;;;;;;;;;;;;;;;;;;;;;;;;;;;;;;;;;;;;;;;;
3633;apa do arquipelago de trindade e martim vaz;apa;gr 2;gr 2;ba;marinho-costeiro;operacao;gef mar;operacao;operacao;operacao basico e avancado;;;;;;;;;;;;;;;;;;;;;;;;;;;;;;;;;;;;;
3642;mona das ilhas de trindade e martim vaz e do monte columbia;mona;gr 2;gr 2;ba;marinho-costeiro;operacao;gef mar;operacao;operacao;operacao;operacao basico;operacao basico e avancado;;;;;;;;;;;;;;;;;;;;;;;;;;;;;;;;;;;
3519;parna dos campos ferruginosos;parna;gr 1;gr 1;pa;amazonia;implantacao;implantacao;implantacao;implantacao;;;;;;;;;;;;;;;;;;;;;;;;;;;;;;;;;;;;;;
4617;flona do parima;flona;gr 1;gr 1;rr;amazonia;;;;;;;;;;;;;;;;;;;;;;;;;;;;;;;;;;;;;;;;;;
4581;parna da serra do teixeira;parna;gr 2;gr 2;pb;caatinga;;;;;;;;;;;;;;;;;;;;;;;;;;;;;;;;;;;;;;;;;;
3696;apa da ararinha azul;apa;gr 2;gr 2;ba;caatinga;gef terrestre;;;;;;;;;;;;;;;;;;;;;;;;;;;;;;;;;;;;;;;;;
3643;apa do arqupelago de sao pedro e sao paulo;apa;gr 2;gr 2;pb;marinho -costeiro;gef mar;;;;;;;;;;;;;;;;;;;;;;;;;;;;;;;;;;;;;;;;;
3644;mona do arquielago de sao pedro e sao paulo;mona;gr 2;gr 2;pb;marinho-costeiro;gef mar;;;;;;;;;;;;;;;;;;;;;;;;;;;;;;;;;;;;;;;;;
3655;apa do boqueirao da onca;apa;gr 2;gr 2;ba;caatinga;;;;;;;;;;;;;;;;;;;;;;;;;;;;;;;;;;;;;;;;;;
3694;revis da ararinha azul;rvs;gr 2;gr 2;ba;caatinga;gef terrestre;;;;;;;;;;;;;;;;;;;;;;;;;;;;;;;;;;;;;;;;;
3654;resex arapiranga- tromai;resex;gr 1;gr 1;ma;marinho-costeiro;;;;;;;;;;;;;;;;;;;;;;;;;;;;;;;;;;;;;;;;;;
3693;resex baixo rio branco-jauaperi;resex;gr 1;gr 1;am/ rr;amazonia;;;;;;;;;;;;;;;;;;;;;;;;;;;;;;;;;;;;;;;;;;
3653;resex da baia do tubarao;resex;gr 1;gr 1;ma;marinho-costeiro amazonia e cerrado;;;;;;;;;;;;;;;;;;;;;;;;;;;;;;;;;;;;;;;;;;
3651;resex itapetininga;resex;gr 1;gr 1;ma;marinho-costeiro;;;;;;;;;;;;;;;;;;;;;;;;;;;;;;;;;;;;;;;;;;
3652;parna do boqueirao da onca;parna;gr 2;gr 2;ba;caatinga;;;;;;;;;;;;;;;;;;;;;;;;;;;;;;;;;;;;;;;;;;
